insert into produto (id, nome, preco, data_criacao, descricao) values (1, 'Kindle', 799.0, date_sub(sysdate(), interval 1 day), 'Conheça o novo Kindle, agora com iluminação embutida ajustável, que permite que você leia em ambientes abertos ou fechados, a qualquer hora do dia.');
insert into produto (id, nome, preco, data_criacao, descricao) values (3, 'Câmera GoPro Hero 7', 1500.0, date_sub(sysdate(), interval 1 day), 'Desempenho 2x melhor.');
insert into produto (id, nome, preco, data_criacao, descricao) values (4, 'Câmera Canon 80D', 3500.0, sysdate(), 'O melhor ajuste de foco.');
insert into produto (id, nome, preco, data_criacao, descricao) values (5, 'Microfone de Lapela', 50.0, sysdate(), 'Produto massa.');

insert into cliente (id, nome, cpf) values (1, 'Renato Ramos', '123');
insert into cliente (id, nome, cpf) values (2, 'Patricia Avelar', '456');
insert into cliente (id, nome, cpf) values (3, 'Henrique Ramos', '789');

insert into cliente_detalhe (cliente_id, sexo, data_nascimento) values (1, 'MASCULINO', date_sub(sysdate(), interval 27 year));
insert into cliente_detalhe (cliente_id, sexo, data_nascimento) values (2, 'FEMININO', date_sub(sysdate(), interval 30 year));

insert into pedido (id, cliente_id, data_criacao, total, status) values (1, 1, date_sub(sysdate(), interval 32 day), 2398.0, 'AGUARDANDO');
insert into pedido (id, cliente_id, data_criacao, total, status) values (2, 1, sysdate(), 499.0, 'AGUARDANDO');
insert into pedido (id, cliente_id, data_criacao, total, status) values (3, 1, date_sub(sysdate(), interval 4 day), 3500.0, 'PAGO');
insert into pedido (id, cliente_id, data_criacao, total, status) values (4, 2, date_sub(sysdate(), interval 2 day), 499.0, 'PAGO');
insert into pedido (id, cliente_id, data_criacao, total, status) values (5, 1, date_sub(sysdate(), interval 2 day), 799.0, 'PAGO');
insert into pedido (id, cliente_id, data_criacao, total, status) values (6, 2, sysdate(), 799.0, 'AGUARDANDO');
insert into pedido (id, cliente_id, data_criacao, total, status) values (7, 3, sysdate(), 50.0, 'AGUARDANDO');

insert into item_pedido (pedido_id, produto_id, preco_produto, quantidade) values (1, 1, 499, 2);
insert into item_pedido (pedido_id, produto_id, preco_produto, quantidade) values (1, 3, 1400, 1);
insert into item_pedido (pedido_id, produto_id, preco_produto, quantidade) values (2, 1, 499, 1);
insert into item_pedido (pedido_id, produto_id, preco_produto, quantidade) values (3, 4, 3500, 1);
insert into item_pedido (pedido_id, produto_id, preco_produto, quantidade) values (4, 1, 499, 1);
insert into item_pedido (pedido_id, produto_id, preco_produto, quantidade) values (5, 1, 799, 1);
insert into item_pedido (pedido_id, produto_id, preco_produto, quantidade) values (6, 1, 799, 1);

insert into pagamento (pedido_id, status, tipo_pagamento, numero_cartao, codigo_barras) values (1, 'RECEBIDO', 'cartao', '0123', null);
insert into pagamento (pedido_id, status, tipo_pagamento, numero_cartao, codigo_barras) values (2, 'PROCESSANDO', 'cartao', '4567', null);
insert into pagamento (pedido_id, status, tipo_pagamento, numero_cartao, codigo_barras, data_vencimento) values (3, 'RECEBIDO', 'boleto', null, '8910', date_sub(sysdate(), interval 2 day));
insert into pagamento (pedido_id, status, tipo_pagamento, numero_cartao, codigo_barras) values (4, 'PROCESSANDO', 'cartao', '1112', null);
insert into pagamento (pedido_id, status, tipo_pagamento, numero_cartao, codigo_barras, data_vencimento) values (6, 'PROCESSANDO', 'boleto', null, '456', date_add(sysdate(), interval 2 day));

insert into nota_fiscal (pedido_id, xml, data_emissao) values (2, '<xml />', sysdate());	

insert into categoria (nome) values ('Eletrodomésticos');
insert into categoria (nome) values ('Livros');
insert into categoria (nome) values ('Esportes');
insert into categoria (nome) values ('Futebol');
insert into categoria (nome) values ('Natação');
insert into categoria (nome) values ('Notebooks');
insert into categoria (nome) values ('Smartphones');
insert into categoria (nome) values ('Câmeras');

insert into produto_categoria (produto_id, categoria_id) values (1, 2);
insert into produto_categoria (produto_id, categoria_id) values (3, 8);
insert into produto_categoria (produto_id, categoria_id) values (4, 8);	

insert into produto_loja (id, nome, preco, data_criacao, descricao) values (101, 'Kindle', 799.0, date_sub(sysdate(), interval 1 day), 'Conheça o novo Kindle, agora com iluminação embutida ajustável, que permite que você leia em ambientes abertos ou fechados, a qualquer hora do dia.');
insert into produto_loja (id, nome, preco, data_criacao, descricao) values (103, 'Câmera GoPro Hero 7', 1500.0, date_sub(sysdate(), interval 1 day), 'Desempenho 2x melhor.');
insert into produto_loja (id, nome, preco, data_criacao, descricao) values (104, 'Câmera Canon 80D', 3500.0, sysdate(), 'O melhor ajuste de foco.');
insert into produto_loja (id, nome, preco, data_criacao, descricao) values (105, 'Microfone de Lapela', 50.0, sysdate(), 'Produto massa');

insert into ecm_produto (prd_id, prd_nome, prd_preco, prd_data_criacao, prd_descricao) values (201, 'Kindle', 799.0, date_sub(sysdate(), interval 1 day), 'Conheça o novo Kindle, agora com iluminação embutida ajustável, que permite que você leia em ambientes abertos ou fechados, a qualquer hora do dia.');
insert into ecm_produto (prd_id, prd_nome, prd_preco, prd_data_criacao, prd_descricao) values (203, 'Câmera GoPro Hero 7', 1500.0, date_sub(sysdate(), interval 1 day), 'Desempenho 2x melhor.');
insert into ecm_produto (prd_id, prd_nome, prd_preco, prd_data_criacao, prd_descricao) values (204, 'Câmera Canon 80D', 3500.0, sysdate(), 'O melhor ajuste de foco.');
insert into ecm_produto (prd_id, prd_nome, prd_preco, prd_data_criacao, prd_descricao) values (205, 'Microfone de Lapela', 50.0, sysdate(), 'Produto massa');

insert into erp_produto (id, nome, preco, descricao) values (301, 'Kindle', 799.0, 'Conheça o novo Kindle, agora com iluminação embutida ajustável, que permite que você leia em ambientes abertos ou fechados, a qualquer hora do dia.');
insert into erp_produto (id, nome, preco, descricao) values (303, 'Câmera GoPro Hero 7', 1500.0, 'Desempenho 2x melhor.');
insert into erp_produto (id, nome, preco, descricao) values (304, 'Câmera Canon 80D', 3500.0, 'O melhor ajuste de foco.');
insert into erp_produto (id, nome, preco, descricao) values (305, 'Microfone de Lapela', 50.0, 'Produto massa');

insert into ecm_categoria (cat_id, cat_nome) values (201, 'Eletrodomésticos');
insert into ecm_categoria (cat_id, cat_nome) values (202, 'Livros');
insert into ecm_categoria (cat_id, cat_nome) values (203, 'Esportes');
insert into ecm_categoria (cat_id, cat_nome) values (204, 'Futebol');
insert into ecm_categoria (cat_id, cat_nome) values (205, 'Natação');
insert into ecm_categoria (cat_id, cat_nome) values (206, 'Notebooks');
insert into ecm_categoria (cat_id, cat_nome) values (207, 'Smartphones');
insert into ecm_categoria (cat_id, cat_nome) values (208, 'Câmeras');